{
  "XGBoost R\u00e1pido": {
    "MAE": 1.4805639508513755,
    "RMSE": 2.010160066296117,
    "R\u00b2": -0.01245537992063861,
    "Acur\u00e1cia": 0.48613376835236544
  },
  "XGBoost Base": {
    "MAE": 1.4841857789247006,
    "RMSE": 2.0155069472891842,
    "R\u00b2": -0.017848660037447894,
    "Acur\u00e1cia": 0.47716150081566067
  },
  "XGBoost Otimizado": {
    "MAE": 1.4749452052265584,
    "RMSE": 1.9981010651821536,
    "R\u00b2": -0.0003443255754362884,
    "Acur\u00e1cia": 0.49184339314845027
  }
}