{
  "XGBoost R\u00e1pido": {
    "MAE": 1.2073420540709219,
    "RMSE": 1.6324184851699732,
    "R\u00b2": -0.0882040347034041,
    "Acur\u00e1cia": 0.48450244698205547
  },
  "XGBoost Base": {
    "MAE": 1.1644935166469934,
    "RMSE": 1.5882529278067712,
    "R\u00b2": -0.030117233908426577,
    "Acur\u00e1cia": 0.4836867862969005
  },
  "XGBoost Otimizado": {
    "MAE": 1.1521379932739748,
    "RMSE": 1.5748579186784006,
    "R\u00b2": -0.01281489760464738,
    "Acur\u00e1cia": 0.47879282218597063
  }
}