{
  "XGBoost Base": {
    "MAE": 3.07886719833702,
    "RMSE": 4.077790944556265,
    "R\u00b2": -0.683507619026863,
    "Acur\u00e1cia": 0.48841698841698844
  },
  "XGBoost Otimizado": {
    "MAE": 2.4550463789147607,
    "RMSE": 3.3271758151541646,
    "R\u00b2": -0.12077045296253974,
    "Acur\u00e1cia": 0.5193050193050193
  }
}