{
  "XGBoost R\u00e1pido": {
    "MAE": 1.2073444459740248,
    "RMSE": 1.6324197375790417,
    "R\u00b2": -0.08820457249262348,
    "Acur\u00e1cia": 0.48450244698205547
  },
  "XGBoost Base": {
    "MAE": 1.1656489017597509,
    "RMSE": 1.5889595880540603,
    "R\u00b2": -0.031033023987263597,
    "Acur\u00e1cia": 0.47716150081566067
  },
  "XGBoost Otimizado": {
    "MAE": 1.1521500461774703,
    "RMSE": 1.5748424977824473,
    "R\u00b2": -0.012794009348491064,
    "Acur\u00e1cia": 0.47716150081566067
  }
}