{
  "XGBoost R\u00e1pido": {
    "MAE": 1.2955982325904205,
    "RMSE": 1.526142995574999,
    "R\u00b2": -0.001281934609093316,
    "Acur\u00e1cia": 0.6190476190476191
  },
  "XGBoost Base": {
    "MAE": 1.3425499664013234,
    "RMSE": 1.5177692823836288,
    "R\u00b2": 0.009675682963021792,
    "Acur\u00e1cia": 0.5238095238095238
  },
  "XGBoost Otimizado": {
    "MAE": 1.3553530835794647,
    "RMSE": 1.5643224111638268,
    "R\u00b2": -0.05200658799466651,
    "Acur\u00e1cia": 0.6666666666666666
  }
}