{
  "XGBoost R\u00e1pido": {
    "MAE": 1.2001316152075336,
    "RMSE": 1.624982347175248,
    "R\u00b2": -0.07701975323314225,
    "Acur\u00e1cia": 0.48694942903752036
  },
  "XGBoost Base": {
    "MAE": 1.164708397881931,
    "RMSE": 1.588094028328456,
    "R\u00b2": -0.028676454014343378,
    "Acur\u00e1cia": 0.4910277324632953
  },
  "XGBoost Otimizado": {
    "MAE": 1.1545233423340104,
    "RMSE": 1.5765240962898421,
    "R\u00b2": -0.013742373350763115,
    "Acur\u00e1cia": 0.4910277324632953
  }
}