{
  "XGBoost R\u00e1pido": {
    "MAE": 1.1977922980513749,
    "RMSE": 1.6244390871102456,
    "R\u00b2": -0.07710218731291918,
    "Acur\u00e1cia": 0.4840816326530612
  },
  "XGBoost Base": {
    "MAE": 1.1664839374052076,
    "RMSE": 1.59085406595711,
    "R\u00b2": -0.033024758988020375,
    "Acur\u00e1cia": 0.4873469387755102
  },
  "XGBoost Otimizado": {
    "MAE": 1.1540248565371154,
    "RMSE": 1.5765463131230701,
    "R\u00b2": -0.014526773282225847,
    "Acur\u00e1cia": 0.4840816326530612
  }
}