{
  "XGBoost R\u00e1pido": {
    "MAE": 1.1945952151261336,
    "RMSE": 1.6176430054184436,
    "R\u00b2": -0.06720237006418306,
    "Acur\u00e1cia": 0.4820554649265905
  },
  "XGBoost Base": {
    "MAE": 1.166989888806993,
    "RMSE": 1.5899283855220807,
    "R\u00b2": -0.030947473490536614,
    "Acur\u00e1cia": 0.49184339314845027
  },
  "XGBoost Otimizado": {
    "MAE": 1.1523753976793005,
    "RMSE": 1.5745052445361518,
    "R\u00b2": -0.01104302115878042,
    "Acur\u00e1cia": 0.499184339314845
  }
}