{
  "XGBoost R\u00e1pido": {
    "MAE": 1.2190100391346101,
    "RMSE": 1.6410716260968885,
    "R\u00b2": -0.0988242114170359,
    "Acur\u00e1cia": 0.48531810766721045
  },
  "XGBoost Base": {
    "MAE": 1.1631260534860317,
    "RMSE": 1.5866719757802035,
    "R\u00b2": -0.02718211534855297,
    "Acur\u00e1cia": 0.48613376835236544
  },
  "XGBoost Otimizado": {
    "MAE": 1.1516473226256538,
    "RMSE": 1.5742365116963193,
    "R\u00b2": -0.01114423138784204,
    "Acur\u00e1cia": 0.5
  }
}