{
  "XGBoost R\u00e1pido": {
    "MAE": 1.3785898680968416,
    "RMSE": 4.361154819376282,
    "R\u00b2": -0.013949671203186131,
    "Acur\u00e1cia": 0.5114192495921697
  },
  "XGBoost Base": {
    "MAE": 1.339850784820171,
    "RMSE": 4.36112654175398,
    "R\u00b2": -0.013936522395556095,
    "Acur\u00e1cia": 0.4926590538336052
  },
  "XGBoost Otimizado": {
    "MAE": 1.3294232770787935,
    "RMSE": 4.348878542805021,
    "R\u00b2": -0.008249342850610297,
    "Acur\u00e1cia": 0.5089722675367048
  }
}