{
  "XGBoost R\u00e1pido": {
    "MAE": 3.16356227630308,
    "RMSE": 4.189250685835764,
    "R\u00b2": -0.017017846007116644,
    "Acur\u00e1cia": 0.4864479315263909
  },
  "XGBoost Base": {
    "MAE": 3.155573421840564,
    "RMSE": 4.180449377484974,
    "R\u00b2": -0.012748975250848948,
    "Acur\u00e1cia": 0.5078459343794579
  },
  "XGBoost Otimizado": {
    "MAE": 3.1453786197534894,
    "RMSE": 4.1622250996478956,
    "R\u00b2": -0.0039382532015022065,
    "Acur\u00e1cia": 0.5078459343794579
  }
}