{
  "XGBoost R\u00e1pido": {
    "MAE": 2.2388758040535595,
    "RMSE": 4.25094089036489,
    "R\u00b2": -0.08538712460686915,
    "Acur\u00e1cia": 0.4863102998696219
  },
  "XGBoost Base": {
    "MAE": 2.212222702819149,
    "RMSE": 4.2303455585724095,
    "R\u00b2": -0.07489544408654458,
    "Acur\u00e1cia": 0.4915254237288136
  },
  "XGBoost Otimizado": {
    "MAE": 2.07256505810146,
    "RMSE": 4.133016574198787,
    "R\u00b2": -0.026003463924088255,
    "Acur\u00e1cia": 0.4758800521512386
  }
}