{
  "XGBoost R\u00e1pido": {
    "MAE": 1.6969569574046781,
    "RMSE": 2.231956020876002,
    "R\u00b2": -0.2504466032845334,
    "Acur\u00e1cia": 0.4559543230016313
  },
  "XGBoost Base": {
    "MAE": 1.7065984331612722,
    "RMSE": 2.2496909907572524,
    "R\u00b2": -0.27039748013246645,
    "Acur\u00e1cia": 0.4632952691680261
  },
  "XGBoost Otimizado": {
    "MAE": 1.4453940306037336,
    "RMSE": 1.9975611682534,
    "R\u00b2": -0.0015994081782793046,
    "Acur\u00e1cia": 0.5367047308319739
  }
}