{
  "XGBoost R\u00e1pido": {
    "MAE": 1.2346271939155526,
    "RMSE": 1.7213937397401962,
    "R\u00b2": -0.02221396700296685,
    "Acur\u00e1cia": 0.506268081002893
  },
  "XGBoost Base": {
    "MAE": 1.221125595328569,
    "RMSE": 1.7015854157229646,
    "R\u00b2": 0.0011762019102514731,
    "Acur\u00e1cia": 0.49469623915139826
  },
  "XGBoost Otimizado": {
    "MAE": 1.2204039171626853,
    "RMSE": 1.7015249468819604,
    "R\u00b2": 0.0012471905820042872,
    "Acur\u00e1cia": 0.5043394406943105
  }
}