{
  "XGBoost R\u00e1pido": {
    "MAE": 1.402680772857274,
    "RMSE": 1.8978077450431503,
    "R\u00b2": -0.0351372539920729,
    "Acur\u00e1cia": 0.48450244698205547
  },
  "XGBoost Base": {
    "MAE": 1.3937099561187387,
    "RMSE": 1.891347868607509,
    "R\u00b2": -0.02810231781522221,
    "Acur\u00e1cia": 0.48694942903752036
  },
  "XGBoost Otimizado": {
    "MAE": 1.3750435578150517,
    "RMSE": 1.8745772046746279,
    "R\u00b2": -0.009950695739489035,
    "Acur\u00e1cia": 0.4828711256117455
  }
}